epoch,time,train/box_loss,train/cls_loss,train/dfl_loss,metrics/precision(B),metrics/recall(B),metrics/mAP50(B),metrics/mAP50-95(B),val/box_loss,val/cls_loss,val/dfl_loss,lr/pg0,lr/pg1,lr/pg2
1,12.2087,3.71757,30.0702,2.98978,0,0,0,0,3.54512,50.9385,2.89623,0.00024293,0.00024293,0.00024293
2,22.7441,3.82196,50.3114,3.06335,0,0,0,0,nan,nan,nan,0.000497674,0.000497674,0.000497674
3,30.0289,3.81988,14.0448,3.02357,0,0,0,0,nan,nan,nan,0.000749872,0.000749872,0.000749872
4,35.9205,3.94304,8.97707,2.90107,0,0,0,0,nan,nan,nan,0.000999523,0.000999523,0.000999523
5,42.3716,4.05089,6.51218,2.95115,0,0,0,0,nan,nan,nan,0.00124663,0.00124663,0.00124663
6,50.1913,4.09526,5.87852,2.94928,0,0,0,0,nan,nan,nan,0.00139363,0.00139363,0.00139363
7,57.635,4.02938,5.8365,2.84958,0,0,0,0,nan,nan,nan,0.00138656,0.00138656,0.00138656
8,65.4148,4.0613,5.49987,2.87403,0,0,0,0,nan,nan,nan,0.00137949,0.00137949,0.00137949
9,72.3919,4.09153,5.46931,2.90276,0,0,0,0,nan,nan,nan,0.00137241,0.00137241,0.00137241
10,78.4696,4.09491,5.31328,2.96794,7e-05,0.01515,3e-05,0,nan,nan,nan,0.00136534,0.00136534,0.00136534
11,85.5094,4.0491,5.34193,2.92475,7e-05,0.01515,3e-05,0,nan,nan,nan,0.00135826,0.00135826,0.00135826
12,93.4763,3.97353,5.33273,2.82807,7e-05,0.01515,4e-05,0,nan,nan,nan,0.00135119,0.00135119,0.00135119
13,101.404,3.97285,5.28314,2.90525,0.0001,0.04545,7e-05,2e-05,nan,nan,nan,0.00134412,0.00134412,0.00134412
14,108.692,4.03664,5.32205,2.95106,0.0001,0.04545,7e-05,2e-05,4.13547,4.4072,3.2502,0.00133704,0.00133704,0.00133704
15,115.003,4.07548,5.27948,2.97442,0.00023,0.01515,0.00013,1e-05,4.26373,4.41197,3.39012,0.00132997,0.00132997,0.00132997
16,120.671,4.12031,5.33499,2.95616,0.00023,0.01515,0.00013,1e-05,4.30107,5.94981,3.30804,0.0013229,0.0013229,0.0013229
17,128.126,4.06141,5.37025,2.98726,5e-05,0.01515,3e-05,1e-05,4.17477,5.41553,3.22379,0.00131582,0.00131582,0.00131582
18,136.022,3.97098,5.23823,2.93294,5e-05,0.01515,3e-05,1e-05,4.20223,4.73347,3.15536,0.00130875,0.00130875,0.00130875
19,143.472,3.96358,5.21732,2.917,5e-05,0.01515,3e-05,1e-05,2.78069,3.20442,2.3831,0.00130168,0.00130168,0.00130168
20,150.904,4.009,5.16842,2.90746,5e-05,0.01515,3e-05,1e-05,2.84615,3.25908,2.86784,0.0012946,0.0012946,0.0012946
21,157.134,4.07249,5.23671,2.87423,5e-05,0.01515,3e-05,1e-05,2.76709,3.27409,2.61886,0.00128753,0.00128753,0.00128753
22,163.02,3.8709,5.17322,2.83033,5e-05,0.01515,4e-05,0,4.69675,6.61533,3.16919,0.00128046,0.00128046,0.00128046
23,170.179,4.01983,5.17931,2.84169,5e-05,0.01515,4e-05,0,4.09809,4.65524,3.07803,0.00127338,0.00127338,0.00127338
24,177.187,4.1337,5.35353,2.92207,5e-05,0.01515,4e-05,0,3.94525,8.76026,3.16372,0.00126631,0.00126631,0.00126631
25,184.582,3.96013,5.257,2.88617,5e-05,0.01515,3e-05,0,4.1211,4.60343,3.14439,0.00125923,0.00125923,0.00125923
26,192.086,3.91892,5.24742,2.93224,5e-05,0.01515,3e-05,0,4.16552,4.84637,3.16672,0.00125216,0.00125216,0.00125216
27,198.356,3.94423,5.46033,2.79755,0.00035,0.01515,0.00018,4e-05,4.09792,31.7057,3.11959,0.00124509,0.00124509,0.00124509
28,203.729,4.06119,4.98832,2.92372,0.00035,0.01515,0.00018,4e-05,4.04618,4.6315,3.07165,0.00123801,0.00123801,0.00123801
29,211.331,3.88367,5.10005,2.8491,0.00035,0.01515,0.00018,4e-05,4.04292,4.70789,3.08849,0.00123094,0.00123094,0.00123094
30,218.748,3.77055,5.14265,2.84653,0.00035,0.01515,0.00018,4e-05,4.11615,4.63095,3.14412,0.00122387,0.00122387,0.00122387
31,226.208,3.98915,5.19002,2.88942,0.00035,0.01515,0.00018,4e-05,4.05611,4.5558,3.10207,0.00121679,0.00121679,0.00121679
32,233.678,3.86451,5.09664,2.91871,0.00035,0.01515,0.00018,4e-05,4.01266,4.68598,3.0957,0.00120972,0.00120972,0.00120972
33,239.872,3.94184,5.10737,2.86876,0.00035,0.01515,0.00018,4e-05,4.018,4.66008,3.13834,0.00120265,0.00120265,0.00120265
34,245.329,3.86515,5.13695,2.77568,0.00016,0.01515,9e-05,1e-05,4.75092,6.9969,4.29078,0.00119557,0.00119557,0.00119557
35,252.332,3.83093,5.07402,2.92731,0.00016,0.01515,9e-05,1e-05,4.78299,4.82864,4.15917,0.0011885,0.0011885,0.0011885
36,259.2,3.92111,5.1246,2.89843,0.00016,0.01515,9e-05,1e-05,4.26384,4.93435,3.41381,0.00118143,0.00118143,0.00118143
37,266.171,3.93997,5.10827,2.85778,0.00157,0.01515,0.00089,0.00018,4.28646,4.77451,3.26793,0.00117435,0.00117435,0.00117435
38,273.644,3.84264,5.1104,2.88228,0.00023,0.01515,0.00046,9e-05,4.67125,4.72381,3.54932,0.00116728,0.00116728,0.00116728
39,280.289,3.8868,5.03875,2.89,0.00023,0.01515,0.00046,9e-05,4.72163,4.92022,3.76904,0.00116021,0.00116021,0.00116021
40,285.778,3.90938,5.17616,2.85512,0.00023,0.01515,0.00046,9e-05,4.37724,6.76871,3.457,0.00115313,0.00115313,0.00115313
41,290.85,4.04694,5.15178,2.88517,0.00023,0.01515,0.00046,9e-05,4.08646,15.6292,3.18046,0.00114606,0.00114606,0.00114606
42,297.913,3.8141,5.18316,2.80836,0.00023,0.01515,0.00046,9e-05,4.06681,4.72727,3.08952,0.00113898,0.00113898,0.00113898
43,304.961,3.88129,5.02578,2.76855,0.00023,0.01515,0.00046,9e-05,4.05689,4.65901,3.09661,0.00113191,0.00113191,0.00113191
44,312.124,3.73789,5.18833,2.73059,0.00023,0.01515,0.00058,0.00012,4.07312,4.56454,3.0894,0.00112484,0.00112484,0.00112484
45,319.388,3.9296,5.22854,2.88352,0.00026,0.01515,0.00112,0.00022,4.07473,4.51096,3.08031,0.00111776,0.00111776,0.00111776
46,325.474,3.9292,5.09087,2.79334,0.00095,0.01515,0.00092,0.00018,4.06555,4.54041,3.04942,0.00111069,0.00111069,0.00111069
47,330.637,3.76592,5.04889,2.71867,0.00014,0.01515,8e-05,2e-05,4.11698,4.6698,3.0418,0.00110362,0.00110362,0.00110362
48,337.496,3.86433,5.14025,2.86099,6e-05,0.01515,3e-05,1e-05,4.24403,6.22755,3.0132,0.00109654,0.00109654,0.00109654
49,344.688,3.8547,5.02551,2.77138,0.00017,0.0303,0.0001,1e-05,4.31539,5.03066,3.03165,0.00108947,0.00108947,0.00108947
50,351.849,3.90547,5.01341,2.7963,0.00019,0.0303,0.00011,1e-05,4.28998,4.5605,3.04074,0.0010824,0.0010824,0.0010824
51,358.994,3.77159,5.08916,2.69315,0.00018,0.0303,0.00013,1e-05,4.09194,4.54548,2.98666,0.00107532,0.00107532,0.00107532
52,364.876,3.78255,5.38196,2.69017,0.00014,0.01515,8e-05,1e-05,4.04024,4.72555,2.99732,0.00106825,0.00106825,0.00106825
53,370.027,3.77134,4.97975,2.75441,0.00014,0.01515,8e-05,1e-05,4.08259,4.82008,3.01939,0.00106118,0.00106118,0.00106118
54,376.421,3.71527,5.14822,2.75604,0.00014,0.01515,8e-05,1e-05,4.20117,4.80529,3.21563,0.0010541,0.0010541,0.0010541
55,383.685,3.8065,5.12062,2.83602,0.00032,0.01515,0.00019,2e-05,4.14178,4.84207,3.27924,0.00104703,0.00104703,0.00104703
56,390.879,3.63462,4.94594,2.75606,0.00038,0.01515,0.00023,5e-05,4.0837,4.79101,3.10142,0.00103995,0.00103995,0.00103995
57,397.785,3.87163,5.01561,2.77542,0.00042,0.04545,0.00051,8e-05,3.94031,4.44094,3.05874,0.00103288,0.00103288,0.00103288
58,404.879,3.69806,4.99289,2.70999,0.00039,0.06061,0.00043,7e-05,3.85353,4.36391,3.02808,0.00102581,0.00102581,0.00102581
59,410.685,3.7248,4.98184,2.78467,0.00084,0.04545,0.00053,8e-05,3.8432,4.3766,3.0183,0.00101873,0.00101873,0.00101873
60,415.777,3.53125,4.94793,2.75468,0.00069,0.0303,0.00044,4e-05,3.86711,4.42317,3.02448,0.00101166,0.00101166,0.00101166
61,422.733,3.59483,5.0361,2.7388,0.00078,0.04545,0.00048,0.00013,3.88344,4.39393,3.05346,0.00100459,0.00100459,0.00100459
62,429.522,3.66358,4.88897,2.76965,0.00061,0.0303,0.00039,8e-05,3.82562,4.53672,3.08841,0.000997513,0.000997513,0.000997513
63,436.9,3.82279,5.05571,2.78876,0.00046,0.01515,0.00027,5e-05,3.88606,4.63987,3.08337,0.00099044,0.00099044,0.00099044
64,444.257,3.58842,5.15641,2.68799,0.00046,0.01515,0.00027,5e-05,3.90417,4.97692,3.06033,0.000983366,0.000983366,0.000983366
65,451.518,3.61598,5.03755,2.70943,0.00046,0.01515,0.00027,5e-05,4.068,5.31134,3.04527,0.000976293,0.000976293,0.000976293
66,457.271,3.64111,4.83289,2.70643,0.00026,0.0303,0.00015,1e-05,3.86936,5.28166,2.97777,0.000969219,0.000969219,0.000969219
67,462.403,3.70363,5.09981,2.73417,0.00194,0.06629,0.00141,0.00038,3.7859,4.63025,3.01816,0.000962146,0.000962146,0.000962146
68,469.484,3.52678,5.00287,2.65499,0.0011,0.05682,0.00078,0.00021,4.08587,4.70328,3.08184,0.000955072,0.000955072,0.000955072
69,476.636,3.61649,5.27694,2.8331,0.00068,0.05114,0.00041,0.00013,4.24555,5.07501,3.58557,0.000947999,0.000947999,0.000947999
70,483.922,3.55569,4.99663,2.74504,0.00068,0.05114,0.00041,0.00013,4.26241,5.00966,3.17529,0.000940925,0.000940925,0.000940925
71,490.916,3.52206,5.0453,2.73033,0.00068,0.05114,0.00041,0.00013,3.98647,5.01196,3.17475,0.000933851,0.000933851,0.000933851
72,496.754,3.56859,4.91398,2.74587,0.00068,0.05114,0.00041,0.00013,3.8639,5.14548,3.16772,0.000926778,0.000926778,0.000926778
73,501.849,3.63544,5.03833,2.77375,0.00068,0.05114,0.00041,0.00013,3.91716,137.3,2.95579,0.000919704,0.000919704,0.000919704
74,508.663,3.59288,5.058,2.7757,0.00089,0.03598,0.00056,0.00011,4.24559,8.50951,3.08199,0.000912631,0.000912631,0.000912631
75,515.792,3.42886,5.0894,2.74256,0.00089,0.03598,0.00056,0.00011,4.43298,5.16631,3.4123,0.000905557,0.000905557,0.000905557
76,522.768,3.53302,5.01163,2.78159,0.00089,0.03598,0.00056,0.00011,3.77487,5.04689,3.02037,0.000898484,0.000898484,0.000898484
77,529.748,3.49162,4.88216,2.67137,0.00089,0.03598,0.00056,0.00011,3.63257,4.68845,2.90364,0.00089141,0.00089141,0.00089141
78,536.602,3.46004,5.10134,2.73601,0.00089,0.03598,0.00056,0.00011,3.6355,4.55067,2.88093,0.000884337,0.000884337,0.000884337
79,542.282,3.55293,5.05754,2.78106,0.00089,0.03598,0.00056,0.00011,3.69869,4.64663,2.90722,0.000877263,0.000877263,0.000877263
80,547.406,3.58333,4.88775,2.80919,0.00089,0.03598,0.00056,0.00011,3.69502,4.70466,2.88042,0.00087019,0.00087019,0.00087019
81,554.624,3.48684,5.02587,2.73156,0.00089,0.03598,0.00056,0.00011,3.6451,4.67426,2.8733,0.000863116,0.000863116,0.000863116
82,561.724,3.52806,4.9737,2.82568,0.00018,0.0303,0.0001,3e-05,3.59233,4.51992,2.88027,0.000856042,0.000856042,0.000856042
83,568.549,3.61823,5.02606,2.85612,0.00188,0.03598,0.00117,0.00024,3.54673,4.44644,2.83397,0.000848969,0.000848969,0.000848969
84,575.633,3.47314,5.00235,2.77836,0.00014,0.01515,9e-05,3e-05,3.51522,4.46197,2.83957,0.000841895,0.000841895,0.000841895
85,581.487,3.39391,5.01762,2.64372,0.00027,0.01515,0.00015,3e-05,3.54939,4.55727,2.86644,0.000834822,0.000834822,0.000834822
86,586.597,3.38809,4.95793,2.66762,0.00027,0.01515,0.00015,3e-05,3.54434,4.80333,2.92511,0.000827748,0.000827748,0.000827748
87,593.46,3.59078,4.95446,2.77788,0.00033,0.01515,0.0002,2e-05,3.57604,4.91882,2.961,0.000820675,0.000820675,0.000820675
88,600.754,3.55658,5.10427,2.77244,0.00033,0.01515,0.0002,2e-05,3.64587,4.87556,2.97537,0.000813601,0.000813601,0.000813601
89,607.874,3.47879,4.93188,2.6557,0.00037,0.01515,0.00019,4e-05,3.66488,4.71339,2.96819,0.000806528,0.000806528,0.000806528
90,614.97,3.48394,4.87931,2.67463,0.00037,0.01515,0.00019,4e-05,3.76713,4.93025,2.97624,0.000799454,0.000799454,0.000799454
91,621.03,3.54096,5.00884,2.62387,0.00037,0.01515,0.00019,4e-05,3.7536,4.81261,2.92183,0.00079238,0.00079238,0.00079238
92,626.413,3.50795,4.91481,2.6986,0.00037,0.01515,0.00019,4e-05,3.71784,4.79649,2.90149,0.000785307,0.000785307,0.000785307
93,632.135,3.50961,5.09601,2.70276,0.00017,0.01515,9e-05,4e-05,3.72234,5.02798,2.98284,0.000778233,0.000778233,0.000778233
94,639.028,3.55476,4.98039,2.68066,0.00039,0.04545,0.00035,8e-05,3.62424,4.59932,2.88003,0.00077116,0.00077116,0.00077116
95,646.236,3.5023,5.04132,2.65639,0.00039,0.04545,0.00035,8e-05,3.62205,4.72355,2.8995,0.000764086,0.000764086,0.000764086
96,653.24,3.3901,4.96743,2.55537,0.00039,0.04545,0.00035,8e-05,3.60853,4.96722,2.84298,0.000757013,0.000757013,0.000757013
97,660.221,3.47385,5.05111,2.71569,0.00039,0.04545,0.00035,8e-05,3.51049,4.75599,2.79101,0.000749939,0.000749939,0.000749939
98,666.147,3.30057,5.04452,2.62631,0.00011,0.01515,6e-05,3e-05,3.56168,4.51125,2.82797,0.000742866,0.000742866,0.000742866
99,671.299,3.37121,4.9861,2.75671,0.00036,0.04167,0.00024,0.00013,3.58008,4.48157,2.9059,0.000735792,0.000735792,0.000735792
100,678.442,3.53621,4.96441,2.77033,0.00024,0.0303,0.00014,1e-05,4.25235,5.1359,3.3437,0.000728719,0.000728719,0.000728719
101,685.695,3.4712,4.84661,2.68122,0.00012,0.01515,8e-05,1e-05,3.15735,4.37151,2.43907,0.000721645,0.000721645,0.000721645
102,692.813,3.32489,4.81447,2.64968,0.00054,0.01515,0.00029,6e-05,3.26661,4.08893,2.51172,0.000714571,0.000714571,0.000714571
103,699.924,3.32072,4.83959,2.59542,0.00082,0.01515,0.00043,0.00013,3.62105,4.96931,2.90441,0.000707498,0.000707498,0.000707498
104,705.828,3.37186,5.02696,2.62586,0.00082,0.01515,0.00043,0.00013,3.56688,4.95343,2.87974,0.000700424,0.000700424,0.000700424
105,711.223,3.42827,5.0458,2.70782,0.00082,0.01515,0.00043,0.00013,3.64474,4.97696,2.92193,0.000693351,0.000693351,0.000693351
106,717.792,3.38224,4.91704,2.68472,0.00082,0.01515,0.00043,0.00013,3.58743,4.8758,2.8762,0.000686277,0.000686277,0.000686277
107,724.98,3.44286,4.86556,2.68418,0.00091,0.07576,0.00068,0.00016,3.47222,4.62413,2.79506,0.000679204,0.000679204,0.000679204
108,732.091,3.40315,4.859,2.68951,0.00051,0.07576,0.00054,0.00012,3.45719,4.60293,2.80329,0.00067213,0.00067213,0.00067213
109,739.274,3.27088,4.8847,2.6157,0.00031,0.0303,0.00019,3e-05,3.51773,4.68102,2.81391,0.000665057,0.000665057,0.000665057
110,746.098,3.38719,4.84311,2.64025,0.00031,0.0303,0.00019,3e-05,3.48342,4.60957,2.81857,0.000657983,0.000657983,0.000657983
111,751.618,3.38318,4.8184,2.61108,0.00182,0.02083,0.00151,0.00084,3.3959,4.36436,2.76606,0.000650909,0.000650909,0.000650909
112,757.348,3.49746,4.83771,2.61509,0.00039,0.06061,0.00025,5e-05,3.39585,4.19976,2.7371,0.000643836,0.000643836,0.000643836
113,764.62,3.35736,4.90203,2.58106,0.00035,0.06061,0.00027,5e-05,3.40719,4.2107,2.74329,0.000636762,0.000636762,0.000636762
114,771.686,3.39999,5.39394,2.65245,0.00035,0.06061,0.00027,5e-05,3.39833,4.50232,2.77102,0.000629689,0.000629689,0.000629689
115,778.959,3.31236,4.93771,2.59477,0.00019,0.01515,0.00011,3e-05,3.40723,4.56141,2.78454,0.000622615,0.000622615,0.000622615
116,786.363,3.38906,4.99156,2.65632,0.00039,0.0303,0.00026,5e-05,3.46521,4.58361,2.82282,0.000615542,0.000615542,0.000615542
117,792.375,3.28147,4.77467,2.58244,0.00039,0.0303,0.00026,5e-05,3.52811,4.66986,2.90423,0.000608468,0.000608468,0.000608468
118,797.55,3.39808,4.82377,2.63432,0.00039,0.0303,0.00026,5e-05,3.52735,4.5957,2.90867,0.000601395,0.000601395,0.000601395
119,804.479,3.31059,4.95505,2.67123,0.00038,0.01515,0.00022,4e-05,3.47514,4.5161,2.84622,0.000594321,0.000594321,0.000594321
120,811.498,3.44888,4.81719,2.71361,0.00038,0.01515,0.00022,4e-05,3.49582,4.59065,2.87159,0.000587248,0.000587248,0.000587248
121,818.696,3.35542,4.87284,2.59494,0.00038,0.01515,0.00022,4e-05,3.58474,4.69035,2.93757,0.000580174,0.000580174,0.000580174
122,826.077,3.43246,4.89788,2.68643,0.00017,0.01515,9e-05,1e-05,3.54014,4.63203,2.8537,0.0005731,0.0005731,0.0005731
123,833.722,3.3833,5.05527,2.70977,0.00048,0.0303,0.00033,9e-05,3.50678,4.64267,2.83819,0.000566027,0.000566027,0.000566027
124,838.962,3.31477,4.88559,2.61803,0.00069,0.0303,0.00041,0.0001,3.39184,4.56003,2.75364,0.000558953,0.000558953,0.000558953
125,845.847,3.29639,4.82674,2.54477,0.00049,0.04545,0.00035,0.00012,3.38902,4.38834,2.76586,0.00055188,0.00055188,0.00055188
126,852.935,3.33976,4.80191,2.55987,0.00023,0.0303,0.00013,6e-05,3.59342,4.36904,2.88109,0.000544806,0.000544806,0.000544806
127,860.132,3.3498,4.84427,2.60733,0.00023,0.0303,0.00013,6e-05,3.57595,4.45567,2.86307,0.000537733,0.000537733,0.000537733
128,867.22,3.4102,4.98061,2.61636,0.00023,0.0303,0.00013,6e-05,3.53301,4.57706,2.82804,0.000530659,0.000530659,0.000530659
129,873.623,3.36166,4.93102,2.61186,0.00033,0.01515,0.00019,4e-05,3.57885,4.56237,2.86085,0.000523586,0.000523586,0.000523586
130,879.273,3.38412,4.82418,2.6055,0.00035,0.0303,0.00023,4e-05,3.56977,4.58137,2.8621,0.000516512,0.000516512,0.000516512
131,886.785,3.29662,4.84644,2.57571,0.00021,0.0303,0.00014,5e-05,3.46415,4.57893,2.7768,0.000509438,0.000509438,0.000509438
132,893.91,3.45477,4.86189,2.63527,0.0002,0.0303,0.00011,3e-05,3.34797,4.61088,2.72724,0.000502365,0.000502365,0.000502365
133,901.524,3.36396,4.72171,2.55018,0.00024,0.0303,0.00014,4e-05,3.32161,4.46422,2.72422,0.000495291,0.000495291,0.000495291
134,908.438,3.29562,4.86055,2.5925,0.00024,0.0303,0.00014,4e-05,3.39733,4.50319,2.78344,0.000488218,0.000488218,0.000488218
135,915.097,3.30649,4.81748,2.54855,0.00024,0.0303,0.00014,4e-05,3.43232,4.48133,2.83165,0.000481144,0.000481144,0.000481144
136,920.69,3.28435,4.77857,2.59074,0.00024,0.0303,0.00014,4e-05,3.58991,4.49589,2.90518,0.000474071,0.000474071,0.000474071
137,927.058,3.3184,4.69666,2.56898,0.00045,0.0303,0.00028,5e-05,3.57531,4.44047,2.9004,0.000466997,0.000466997,0.000466997
138,934.153,3.22874,4.51929,2.47328,0.00041,0.04545,0.00039,0.00014,3.48486,4.43659,2.84248,0.000459924,0.000459924,0.000459924
139,941.131,3.19144,4.80503,2.55983,0.0003,0.0303,0.00025,0.0001,3.45216,4.50446,2.8285,0.00045285,0.00045285,0.00045285
140,948.218,3.30088,4.802,2.47971,0.00047,0.04545,0.00032,6e-05,3.42279,4.49911,2.80029,0.000445777,0.000445777,0.000445777
141,955.348,3.3652,4.73002,2.58761,0.00095,0.05114,0.00063,0.00023,3.38802,4.5009,2.76778,0.000438703,0.000438703,0.000438703
142,961.822,3.16826,4.6914,2.54338,0.00098,0.05114,0.00067,0.00028,3.42162,4.46892,2.82292,0.000431629,0.000431629,0.000431629
143,967.41,3.2847,4.76241,2.50098,0.00138,0.06629,0.00102,0.00028,3.50405,4.40942,2.8154,0.000424556,0.000424556,0.000424556
144,974.611,3.33807,4.6829,2.5832,0.00139,0.08144,0.00096,0.00031,3.47687,4.49358,2.81873,0.000417482,0.000417482,0.000417482
145,982.025,3.23292,4.60138,2.52594,0.00107,0.08144,0.00079,0.00021,3.43501,4.50299,2.76205,0.000410409,0.000410409,0.000410409
146,989.234,3.25107,4.76595,2.56426,0.00083,0.08144,0.00063,0.00014,3.39446,4.44443,2.7549,0.000403335,0.000403335,0.000403335
147,996.435,3.11717,4.753,2.49058,0.00089,0.07197,0.00063,0.00018,3.40269,4.43849,2.7467,0.000396262,0.000396262,0.000396262
148,1002.24,3.25195,4.70772,2.57448,0.00093,0.05114,0.00062,0.00017,3.71646,4.61793,3.43171,0.000389188,0.000389188,0.000389188
149,1007.35,3.17962,4.75759,2.47584,0.00028,0.01515,0.00015,3e-05,3.80135,4.56734,3.53928,0.000382115,0.000382115,0.000382115
150,1014.68,3.17341,4.55141,2.40846,0.00023,0.04545,0.00015,4e-05,3.41232,4.83823,2.6782,0.000375041,0.000375041,0.000375041
151,1022.06,3.23415,4.60151,2.45466,0.00031,0.06061,0.00079,0.00012,3.47996,4.44723,2.78674,0.000367967,0.000367967,0.000367967
152,1029.42,3.27243,4.64532,2.58037,0.00031,0.06061,0.00223,0.00024,3.40414,4.21978,2.78069,0.000360894,0.000360894,0.000360894
153,1036.64,3.28828,4.73842,2.59674,0.00053,0.07576,0.00354,0.0007,3.32196,4.21864,2.78743,0.00035382,0.00035382,0.00035382
154,1042.75,3.33097,4.65995,2.55541,0.00027,0.0303,0.00148,0.00036,3.37669,4.27602,2.82142,0.000346747,0.000346747,0.000346747
155,1047.82,3.17693,4.723,2.4887,0.00031,0.0303,0.00074,0.00023,3.37882,4.29596,2.78252,0.000339673,0.000339673,0.000339673
156,1054.84,3.41121,4.80496,2.59497,0.0003,0.04545,0.00032,0.0001,3.29803,4.31058,2.73726,0.0003326,0.0003326,0.0003326
157,1062,3.25777,4.65132,2.47797,0.00075,0.06629,0.00051,0.0001,3.2555,4.36187,2.72673,0.000325526,0.000325526,0.000325526
158,1069.26,3.13917,4.51102,2.41877,0.00028,0.04545,0.00022,6e-05,3.32775,4.43141,2.74602,0.000318453,0.000318453,0.000318453
159,1076.51,3.11621,4.59892,2.45144,0.00075,0.08144,0.0006,0.00014,3.40682,4.48943,2.7808,0.000311379,0.000311379,0.000311379
160,1082.8,3.16826,4.5788,2.46451,0.00099,0.08712,0.0007,0.00021,3.43289,4.56876,2.80655,0.000304306,0.000304306,0.000304306
161,1087.88,3.14451,4.69993,2.47178,0.00109,0.07197,0.00066,0.00024,3.39929,4.67521,2.81421,0.000297232,0.000297232,0.000297232
162,1094.76,3.30338,4.66042,2.48586,0.00109,0.07197,0.00066,0.00024,3.36682,4.78484,2.82751,0.000290158,0.000290158,0.000290158
163,1101.65,3.26121,4.67623,2.46211,0.00066,0.02083,0.00036,4e-05,3.3911,4.68448,2.83627,0.000283085,0.000283085,0.000283085
164,1108.72,3.12679,4.46747,2.40616,0.00162,0.07197,0.00102,0.00021,3.39123,4.49312,2.81104,0.000276011,0.000276011,0.000276011
165,1115.97,3.30654,4.60354,2.63825,0.00153,0.07197,0.00092,0.00021,3.37742,4.38775,2.78658,0.000268938,0.000268938,0.000268938
166,1122.57,3.21862,4.45079,2.52167,0.00075,0.05114,0.00047,8e-05,3.28897,4.28366,2.73949,0.000261864,0.000261864,0.000261864
167,1128.23,3.18185,4.53628,2.50099,0.00237,0.09307,0.00152,0.00066,3.25031,4.24629,2.71796,0.000254791,0.000254791,0.000254791
168,1134.08,3.26684,4.71011,2.50016,0.00198,0.09876,0.00133,0.00055,3.26301,4.26603,2.73643,0.000247717,0.000247717,0.000247717
169,1140.91,3.11443,4.57797,2.43167,0.00145,0.06277,0.001,0.00049,3.23516,4.27983,2.73813,0.000240644,0.000240644,0.000240644
170,1148.28,3.06215,4.78731,2.58815,0.00142,0.11391,0.00108,0.00035,3.21542,4.27573,2.71348,0.00023357,0.00023357,0.00023357
171,1155.3,3.22008,4.52428,2.47198,0.00056,0.07792,0.00084,0.00034,3.231,4.23377,2.73512,0.000226497,0.000226497,0.000226497
172,1162.23,3.15755,4.68614,2.54225,0.00062,0.07792,0.00088,0.00038,3.25639,4.24617,2.75344,0.000219423,0.000219423,0.000219423
173,1168.1,3.14055,4.70029,2.54192,0.00115,0.09307,0.00139,0.00061,3.22886,4.26284,2.73166,0.000212349,0.000212349,0.000212349
174,1173.25,3.05023,4.34279,2.34122,0.00146,0.06629,0.00198,0.00072,3.19044,4.24969,2.69764,0.000205276,0.000205276,0.000205276
175,1180.37,3.11613,4.46976,2.47179,0.00146,0.06629,0.00265,0.00084,3.20214,4.27957,2.71277,0.000198202,0.000198202,0.000198202
176,1188.37,3.21275,4.57314,2.54858,0.0012,0.06629,0.00245,0.00129,3.2408,4.26719,2.73188,0.000191129,0.000191129,0.000191129
177,1195.76,3.20422,4.52242,2.45759,0.00114,0.06629,0.00199,0.00093,3.25658,4.25677,2.75051,0.000184055,0.000184055,0.000184055
178,1202.77,3.26787,4.50431,2.50123,0.00107,0.05114,0.00096,0.00036,3.2575,4.29989,2.75177,0.000176982,0.000176982,0.000176982
179,1208.39,3.13009,4.68732,2.46522,0.00136,0.05114,0.00089,0.00027,3.25142,4.32859,2.73888,0.000169908,0.000169908,0.000169908
180,1213.84,3.20607,4.48976,2.53433,0.00113,0.03598,0.00076,0.00024,3.25104,4.32992,2.74693,0.000162835,0.000162835,0.000162835
181,1218.9,3.00645,4.45733,2.40441,0.00191,0.11391,0.00135,0.00041,3.24646,4.25845,2.7492,0.000155761,0.000155761,0.000155761
182,1226.02,3.14171,4.48885,2.52038,0.00129,0.11391,0.00121,0.00035,3.25573,4.20005,2.75778,0.000148687,0.000148687,0.000148687
183,1232.57,3.12062,4.46994,2.47972,0.00136,0.12906,0.00122,0.00033,3.25279,4.17685,2.75589,0.000141614,0.000141614,0.000141614
184,1239.68,3.03209,4.55827,2.44941,0.00188,0.16504,0.00164,0.0004,3.24973,4.17121,2.7479,0.00013454,0.00013454,0.00013454
185,1246.29,3.06468,4.70002,2.57681,0.00122,0.14421,0.00112,0.00036,3.23005,4.15899,2.74002,0.000127467,0.000127467,0.000127467
186,1252.48,3.12177,4.76601,2.59056,0.00111,0.14421,0.00098,0.00031,3.24634,4.14359,2.75577,0.000120393,0.000120393,0.000120393
187,1257.79,3.11012,4.43331,2.35966,0.00131,0.15936,0.00152,0.00045,3.27117,4.12434,2.76697,0.00011332,0.00011332,0.00011332
188,1264.53,3.19512,4.36157,2.52861,0.00122,0.12906,0.00161,0.00055,3.24696,4.11721,2.75033,0.000106246,0.000106246,0.000106246
189,1271.71,3.15966,4.66446,2.51929,0.00137,0.12906,0.0018,0.00054,3.23484,4.12579,2.73468,9.91726e-05,9.91726e-05,9.91726e-05
190,1278.76,2.97135,4.40626,2.35365,0.0017,0.12906,0.00156,0.00058,3.24699,4.14158,2.73626,9.20991e-05,9.20991e-05,9.20991e-05
191,1286.82,3.14882,4.65604,2.55882,0.00177,0.11391,0.00285,0.00082,3.19427,4.17155,2.73379,8.50255e-05,8.50255e-05,8.50255e-05
192,1293.23,3.15606,4.66619,2.56175,0.00198,0.12906,0.00286,0.00097,3.30336,4.24718,2.80453,7.7952e-05,7.7952e-05,7.7952e-05
193,1298.75,3.20686,4.60768,2.65539,0.00189,0.12906,0.00294,0.00091,3.31968,4.23851,2.81455,7.08784e-05,7.08784e-05,7.08784e-05
194,1305.3,3.12662,4.5751,2.57956,0.00172,0.12906,0.00266,0.00088,3.27893,4.23983,2.80576,6.38049e-05,6.38049e-05,6.38049e-05
195,1312.65,3.10893,4.60911,2.5708,0.0017,0.12906,0.00235,0.00082,3.2927,4.23484,2.80801,5.67313e-05,5.67313e-05,5.67313e-05
196,1319.83,3.10091,4.92161,2.51468,0.00157,0.12906,0.00244,0.0008,3.25802,4.22088,2.78546,4.96578e-05,4.96578e-05,4.96578e-05
197,1327.29,3.06274,4.53491,2.5577,0.00157,0.12906,0.00237,0.0008,3.26287,4.21087,2.78115,4.25842e-05,4.25842e-05,4.25842e-05
198,1334.16,3.14731,4.65958,2.50925,0.00186,0.14989,0.00273,0.00084,3.24739,4.20514,2.75296,3.55107e-05,3.55107e-05,3.55107e-05
199,1339.9,3.03035,4.36711,2.50009,0.00149,0.12906,0.00259,0.00082,3.25503,4.20856,2.75198,2.84371e-05,2.84371e-05,2.84371e-05
200,1346.01,3.08672,4.51351,2.47585,0.00205,0.14989,0.00283,0.00085,3.25106,4.22221,2.75868,2.13636e-05,2.13636e-05,2.13636e-05
